Workbook

Sheet 🏠 Início
A1: 💼 SISTEMA DE COMISSÕES ESCALONADAS
A4: Portfólio | Excel + VBA | Gestão de Vendas e Comissões
A6: 📋 SOBRE ESTA PLANILHA
A7: Esta planilha automatiza o cálculo de comissões escalonadas para equipes de vendas.
A8: As faixas de comissão são totalmente configuráveis na aba ⚙️ Configuração.
A9: Ao inserir uma venda na aba 📊 Lançamentos, a comissão é calculada instantaneamente.
A10: O Dashboard 🏆 consolida o desempenho de cada vendedor automaticamente.
A11: As células com fórmulas estão protegidas. Apenas as células de entrada ficam liberadas.
A13: 🗺️ NAVEGAÇÃO RÁPIDA
B15: ⚙️ Configuração | D15: 📊 Lançamentos | F15: 🏆 Dashboard | H15: 💻 Código VBA
A18: ✨ FUNCIONALIDADES
A19: ✅ | B19: Cálculo automático de comissão escalonada (progressiva por faixa)
A20: ✅ | B20: Faixas configuráveis – altere percentuais sem mexer nas fórmulas
A21: ✅ | B21: Proteção de células – evita apagar fórmulas acidentalmente
A22: ✅ | B22: Dashboard com total de vendas, comissões e % da meta
A23: ✅ | B23: Validação de dados – impede entradas inválidas
A24: ✅ | B24: Formatação condicional – destaca os melhores vendedores
A25: ✅ | B25: Macro VBA – limpa o formulário com um clique
A26: ✅ | B26: Código VBA documentado e pronto para importar

Sheet ⚙️ Configuração
A1: ⚙️ CONFIGURAÇÃO DE FAIXAS DE COMISSÃO
A4: Faixa | B4: Descrição | C4: Valor Mínimo (R$) | D4: Valor Máximo (R$) | E4: % Comissão | F4: Comissão sobre excedente
A5: 1 | B5: Básico | C5: 0 | D5: 5000 | E5: 0.03 | F5: =TEXT(E5,"0%")&" sobre o valor desta faixa" -> 3% sobre o valor desta faixa
A6: 2 | B6: Intermediário | C6: 5000 | D6: 10000 | E6: 0.05 | F6: =TEXT(E6,"0%")&" sobre o valor desta faixa" -> 5% sobre o valor desta faixa
A7: 3 | B7: Avançado | C7: 10000 | D7: 20000 | E7: 0.08 | F7: =TEXT(E7,"0%")&" sobre o valor desta faixa" -> 8% sobre o valor desta faixa
A8: 4 | B8: Elite | C8: 20000 | D8: Ilimitado | E8: 0.1 | F8: =TEXT(E8,"0%")&" sobre o valor desta faixa" -> 10% sobre o valor desta faixa
A10: 🎯 METAS MENSAIS POR VENDEDOR
A11: Vendedor | B11: Meta de Vendas (R$) | C11: Bônus por Atingir Meta (R$) | D11: % Bônus sobre Excesso
A12: Ana Silva | B12: 15000 | C12: 500 | D12: 0.02
A13: Bruno Costa | B13: 12000 | C13: 400 | D13: 0.02
A14: Carla Lima | B14: 18000 | C14: 600 | D14: 0.02
A15: Diego Souza | B15: 10000 | C15: 300 | D15: 0.02
A16: Elisa Ferraz | B16: 20000 | C16: 800 | D16: 0.02
A18: ℹ️ COMO ATUALIZAR AS FAIXAS: 1) Altere os valores em AZUL diretamente nas células acima. 2) As fórmulas na aba Lançamentos se atualizam automaticamente. 3) NÃO altere células em PRETO (são fórmulas automáticas).

Sheet 📊 Lançamentos
A1: 📊 REGISTRO DE VENDAS
A3: Preencha as colunas em AZUL. A comissão é calculada automaticamente pelas fórmulas.
A4: # | B4: Data | C4: Vendedor | D4: Produto / Serviço | E4: Valor da Venda (R$) | F4: Comissão Faixa 1 (R$) | G4: Comissão Faixa 2 (R$) | H4: Comissão Faixa 3 (R$) | I4: Comissão Faixa 4 (R$) | J4: 💰 TOTAL COMISSÃO (R$)
A5: =ROW()-4 -> 1 | B5: 45748 | C5: Ana Silva | D5: Consultoria ERP | E5: 4500 | F5: =IF(E5=0,0,MIN(E5,'⚙️ Configuração'!C5)*'⚙️ Configuração'!E5) -> 0 | G5: =IF(E5<='⚙️ Configuração'!C5,0,MIN(E5,'⚙️ Configuração'!C6)-'⚙️ Configuração'!C5)*'⚙️ Configuração'!E6 -> 225 | H5: =IF(E5<='⚙️ Configuração'!C6,0,MIN(E5,'⚙️ Configuração'!C7)-'⚙️ Configuração'!C6)*'⚙️ Configuração'!E7 -> 0 | I5: =IF(E5<='⚙️ Configuração'!C7,0,(E5-'⚙️ Configuração'!C7)*'⚙️ Configuração'!E8) -> 0 | J5: =F5+G5+H5+I5 -> 225
A6: =ROW()-4 -> 2 | B6: 45749 | C6: Bruno Costa | D6: Licença Software | E6: 7800 | F6: =IF(E6=0,0,MIN(E6,'⚙️ Configuração'!C5)*'⚙️ Configuração'!E5) -> 0 | G6: =IF(E6<='⚙️ Configuração'!C5,0,MIN(E6,'⚙️ Configuração'!C6)-'⚙️ Configuração'!C5)*'⚙️ Configuração'!E6 -> 250 | H6: =IF(E6<='⚙️ Configuração'!C6,0,MIN(E6,'⚙️ Configuração'!C7)-'⚙️ Configuração'!C6)*'⚙️ Configuração'!E7 -> 224 | I6: =IF(E6<='⚙️ Configuração'!C7,0,(E6-'⚙️ Configuração'!C7)*'⚙️ Configuração'!E8) -> 0 | J6: =F6+G6+H6+I6 -> 474
A7: =ROW()-4 -> 3 | B7: 45750 | C7: Carla Lima | D7: Treinamento | E7: 15000 | F7: =IF(E7=0,0,MIN(E7,'⚙️ Configuração'!C5)*'⚙️ Configuração'!E5) -> 0 | G7: =IF(E7<='⚙️ Configuração'!C5,0,MIN(E7,'⚙️ Configuração'!C6)-'⚙️ Configuração'!C5)*'⚙️ Configuração'!E6 -> 250 | H7: =IF(E7<='⚙️ Configuração'!C6,0,MIN(E7,'⚙️ Configuração'!C7)-'⚙️ Configuração'!C6)*'⚙️ Configuração'!E7 -> 400 | I7: =IF(E7<='⚙️ Configuração'!C7,0,(E7-'⚙️ Configuração'!C7)*'⚙️ Configuração'!E8) -> 500 | J7: =F7+G7+H7+I7 -> 1150
A8: =ROW()-4 -> 4 | B8: 45751 | C8: Diego Souza | D8: Suporte Premium | E8: 3200 | F8: =IF(E8=0,0,MIN(E8,'⚙️ Configuração'!C5)*'⚙️ Configuração'!E5) -> 0 | G8: =IF(E8<='⚙️ Configuração'!C5,0,MIN(E8,'⚙️ Configuração'!C6)-'⚙️ Configuração'!C5)*'⚙️ Configuração'!E6 -> 160 | H8: =IF(E8<='⚙️ Configuração'!C6,0,MIN(E8,'⚙️ Configuração'!C7)-'⚙️ Configuração'!C6)*'⚙️ Configuração'!E7 -> 0 | I8: =IF(E8<='⚙️ Configuração'!C7,0,(E8-'⚙️ Configuração'!C7)*'⚙️ Configuração'!E8) -> 0 | J8: =F8+G8+H8+I8 -> 160
A9: =ROW()-4 -> 5 | B9: 45752 | C9: Elisa Ferraz | D9: Implantação Sistema | E9: 28000 | F9: =IF(E9=0,0,MIN(E9,'⚙️ Configuração'!C5)*'⚙️ Configuração'!E5) -> 0 | G9: =IF(E9<='⚙️ Configuração'!C5,0,MIN(E9,'⚙️ Configuração'!C6)-'⚙️ Configuração'!C5)*'⚙️ Configuração'!E6 -> 250 | H9: =IF(E9<='⚙️ Configuração'!C6,0,MIN(E9,'⚙️ Configuração'!C7)-'⚙️ Configuração'!C6)*'⚙️ Configuração'!E7 -> 400 | I9: =IF(E9<='⚙️ Configuração'!C7,0,(E9-'⚙️ Configuração'!C7)*'⚙️ Configuração'!E8) -> 1800 | J9: =F9+G9+H9+I9 -> 2450
A10: =ROW()-4 -> 6 | B10: 45754 | C10: Ana Silva | D10: Customização | E10: 6500 | F10: =IF(E10=0,0,MIN(E10,'⚙️ Configuração'!C5)*'⚙️ Configuração'!E5) -> 0 | G10: =IF(E10<='⚙️ Configuração'!C5,0,MIN(E10,'⚙️ Configuração'!C6)-'⚙️ Configuração'!C5)*'⚙️ Configuração'!E6 -> 250 | H10: =IF(E10<='⚙️ Configuração'!C6,0,MIN(E10,'⚙️ Configuração'!C7)-'⚙️ Configuração'!C6)*'⚙️ Configuração'!E7 -> 120 | I10: =IF(E10<='⚙️ Configuração'!C7,0,(E10-'⚙️ Configuração'!C7)*'⚙️ Configuração'!E8) -> 0 | J10: =F10+G10+H10+I10 -> 370
A11: =ROW()-4 -> 7 | B11: 45755 | C11: Bruno Costa | D11: Consultoria | E11: 11000 | F11: =IF(E11=0,0,MIN(E11,'⚙️ Configuração'!C5)*'⚙️ Configuração'!E5) -> 0 | G11: =IF(E11<='⚙️ Configuração'!C5,0,MIN(E11,'⚙️ Configuração'!C6)-'⚙️ Configuração'!C5)*'⚙️ Configuração'!E6 -> 250 | H11: =IF(E11<='⚙️ Configuração'!C6,0,MIN(E11,'⚙️ Configuração'!C7)-'⚙️ Configuração'!C6)*'⚙️ Configuração'!E7 -> 400 | I11: =IF(E11<='⚙️ Configuração'!C7,0,(E11-'⚙️ Configuração'!C7)*'⚙️ Configuração'!E8) -> 100 | J11: =F11+G11+H11+I11 -> 750
A12: =ROW()-4 -> 8 | B12: 45756 | C12: Carla Lima | D12: Licença Anual | E12: 9500 | F12: =IF(E12=0,0,MIN(E12,'⚙️ Configuração'!C5)*'⚙️ Configuração'!E5) -> 0 | G12: =IF(E12<='⚙️ Configuração'!C5,0,MIN(E12,'⚙️ Configuração'!C6)-'⚙️ Configuração'!C5)*'⚙️ Configuração'!E6 -> 250 | H12: =IF(E12<='⚙️ Configuração'!C6,0,MIN(E12,'⚙️ Configuração'!C7)-'⚙️ Configuração'!C6)*'⚙️ Configuração'!E7 -> 360 | I12: =IF(E12<='⚙️ Configuração'!C7,0,(E12-'⚙️ Configuração'!C7)*'⚙️ Configuração'!E8) -> 0 | J12: =F12+G12+H12+I12 -> 610
A13: =ROW()-4 -> 9 | B13: 45757 | C13: Diego Souza | D13: Treinamento Equipe | E13: 5500 | F13: =IF(E13=0,0,MIN(E13,'⚙️ Configuração'!C5)*'⚙️ Configuração'!E5) -> 0 | G13: =IF(E13<='⚙️ Configuração'!C5,0,MIN(E13,'⚙️ Configuração'!C6)-'⚙️ Configuração'!C5)*'⚙️ Configuração'!E6 -> 250 | H13: =IF(E13<='⚙️ Configuração'!C6,0,MIN(E13,'⚙️ Configuração'!C7)-'⚙️ Configuração'!C6)*'⚙️ Configuração'!E7 -> 40 | I13: =IF(E13<='⚙️ Configuração'!C7,0,(E13-'⚙️ Configuração'!C7)*'⚙️ Configuração'!E8) -> 0 | J13: =F13+G13+H13+I13 -> 290
A14: =ROW()-4 -> 10 | B14: 45758 | C14: Elisa Ferraz | D14: Projeto Especial | E14: 35000 | F14: =IF(E14=0,0,MIN(E14,'⚙️ Configuração'!C5)*'⚙️ Configuração'!E5) -> 0 | G14: =IF(E14<='⚙️ Configuração'!C5,0,MIN(E14,'⚙️ Configuração'!C6)-'⚙️ Configuração'!C5)*'⚙️ Configuração'!E6 -> 250 | H14: =IF(E14<='⚙️ Configuração'!C6,0,MIN(E14,'⚙️ Configuração'!C7)-'⚙️ Configuração'!C6)*'⚙️ Configuração'!E7 -> 400 | I14: =IF(E14<='⚙️ Configuração'!C7,0,(E14-'⚙️ Configuração'!C7)*'⚙️ Configuração'!E8) -> 2500 | J14: =F14+G14+H14+I14 -> 3150
A15: TOTAIS | E15: =SUM(E5:E14) -> 126000 | F15: =SUM(F5:F14) -> 0 | G15: =SUM(G5:G14) -> 2385 | H15: =SUM(H5:H14) -> 2344 | I15: =SUM(I5:I14) -> 4900 | J15: =SUM(J5:J14) -> 9629

Sheet 🏆 Dashboard
A1: 🏆 DASHBOARD DE DESEMPENHO
A4: 📈 DESEMPENHO INDIVIDUAL DOS VENDEDORES
A5: Vendedor | B5: Total Vendas (R$) | C5: Meta (R$) | D5: % da Meta | E5: Total Comissão (R$) | F5: Comissão Média (%) | G5: Status | H5: Observação
A6: Ana Silva | B6: =SUMIF('📊 Lançamentos'!C:C,A6,'📊 Lançamentos'!E:E) -> 11000 | C6: ='⚙️ Configuração'!B12 -> 15000 | D6: =IF(C6=0,0,B6/C6) -> 0.73333333 | E6: =SUMIF('📊 Lançamentos'!C:C,A6,'📊 Lançamentos'!J:J) -> 595 | F6: =IF(B6=0,0,E6/B6) -> 0.054090909 | G6: =IF(D6>=1,"🏆 Meta Atingida",IF(D6>=0.8,"⚠️ Quase lá","❌ Abaixo da Meta")) -> ❌ Abaixo da Meta | H6: =IF(D6>=1,"Parabéns! Superou a meta em "&TEXT(B6-C6,"R$ #,##0"),IF(D6>=0.8,"Faltam "&TEXT(C6-B6,"R$ #,##0")&" para bater a meta","Precisa de "&TEXT(C6-B6,"R$ #,##0")&" para a meta")) -> Precisa de R$ 4000,0 para a meta
A7: Bruno Costa | B7: =SUMIF('📊 Lançamentos'!C:C,A7,'📊 Lançamentos'!E:E) -> 18800 | C7: ='⚙️ Configuração'!B13 -> 12000 | D7: =IF(C7=0,0,B7/C7) -> 1.5666667 | E7: =SUMIF('📊 Lançamentos'!C:C,A7,'📊 Lançamentos'!J:J) -> 1224 | F7: =IF(B7=0,0,E7/B7) -> 0.065106383 | G7: =IF(D7>=1,"🏆 Meta Atingida",IF(D7>=0.8,"⚠️ Quase lá","❌ Abaixo da Meta")) -> 🏆 Meta Atingida | H7: =IF(D7>=1,"Parabéns! Superou a meta em "&TEXT(B7-C7,"R$ #,##0"),IF(D7>=0.8,"Faltam "&TEXT(C7-B7,"R$ #,##0")&" para bater a meta","Precisa de "&TEXT(C7-B7,"R$ #,##0")&" para a meta")) -> Parabéns! Superou a meta em R$ 6800,0
A8: Carla Lima | B8: =SUMIF('📊 Lançamentos'!C:C,A8,'📊 Lançamentos'!E:E) -> 24500 | C8: ='⚙️ Configuração'!B14 -> 18000 | D8: =IF(C8=0,0,B8/C8) -> 1.3611111 | E8: =SUMIF('📊 Lançamentos'!C:C,A8,'📊 Lançamentos'!J:J) -> 1760 | F8: =IF(B8=0,0,E8/B8) -> 0.071836735 | G8: =IF(D8>=1,"🏆 Meta Atingida",IF(D8>=0.8,"⚠️ Quase lá","❌ Abaixo da Meta")) -> 🏆 Meta Atingida | H8: =IF(D8>=1,"Parabéns! Superou a meta em "&TEXT(B8-C8,"R$ #,##0"),IF(D8>=0.8,"Faltam "&TEXT(C8-B8,"R$ #,##0")&" para bater a meta","Precisa de "&TEXT(C8-B8,"R$ #,##0")&" para a meta")) -> Parabéns! Superou a meta em R$ 6500,0
A9: Diego Souza | B9: =SUMIF('📊 Lançamentos'!C:C,A9,'📊 Lançamentos'!E:E) -> 8700 | C9: ='⚙️ Configuração'!B15 -> 10000 | D9: =IF(C9=0,0,B9/C9) -> 0.87 | E9: =SUMIF('📊 Lançamentos'!C:C,A9,'📊 Lançamentos'!J:J) -> 450 | F9: =IF(B9=0,0,E9/B9) -> 0.051724138 | G9: =IF(D9>=1,"🏆 Meta Atingida",IF(D9>=0.8,"⚠️ Quase lá","❌ Abaixo da Meta")) -> ⚠️ Quase lá | H9: =IF(D9>=1,"Parabéns! Superou a meta em "&TEXT(B9-C9,"R$ #,##0"),IF(D9>=0.8,"Faltam "&TEXT(C9-B9,"R$ #,##0")&" para bater a meta","Precisa de "&TEXT(C9-B9,"R$ #,##0")&" para a meta")) -> Faltam R$ 1300,0 para bater a meta
A10: Elisa Ferraz | B10: =SUMIF('📊 Lançamentos'!C:C,A10,'📊 Lançamentos'!E:E) -> 63000 | C10: ='⚙️ Configuração'!B16 -> 20000 | D10: =IF(C10=0,0,B10/C10) -> 3.15 | E10: =SUMIF('📊 Lançamentos'!C:C,A10,'📊 Lançamentos'!J:J) -> 5600 | F10: =IF(B10=0,0,E10/B10) -> 0.088888889 | G10: =IF(D10>=1,"🏆 Meta Atingida",IF(D10>=0.8,"⚠️ Quase lá","❌ Abaixo da Meta")) -> 🏆 Meta Atingida | H10: =IF(D10>=1,"Parabéns! Superou a meta em "&TEXT(B10-C10,"R$ #,##0"),IF(D10>=0.8,"Faltam "&TEXT(C10-B10,"R$ #,##0")&" para bater a meta","Precisa de "&TEXT(C10-B10,"R$ #,##0")&" para a meta")) -> Parabéns! Superou a meta em R$ 43000,0
A11: TOTAL GERAL | B11: =SUM(B6:B10) -> 126000 | C11: =SUM(C6:C10) -> 75000 | E11: =SUM(E6:E10) -> 9629

Sheet 💻 Código VBA
A1: 💻 CÓDIGO VBA – MACROS DA PLANILHA
A3: Como importar: Abra o Excel → Alt+F11 → Inserir → Módulo → Cole o código abaixo
A5: ' ============================================================
A6: ' MÓDULO: ModuloComissoes
A7: ' SISTEMA DE COMISSÕES ESCALONADAS
A8: ' Autor: [Seu Nome] | Data: Abril/2025
A9: ' ============================================================
A11: Option Explicit
A13: ' ─────────────────────────────────────────────────────────────
A14: ' Sub: LimparFormulario
A15: ' Descrição: Limpa os campos de entrada da aba Lançamentos
A16: ' mantendo os cabeçalhos e fórmulas intactos.
... A212: End Sub
